Rank,Name,Category,Composite,Reach_M,Reach_Score,Engagement_Pct,Engagement_Score,Cadence_1_10,Hoops_Auth_1_10,Availability_1_10,Reach_x_Eng_M,School_Tie,Notes
1,IShowSpeed,Mega creator,8.14,75,6.68,11.0,10.0,10,7,5,8.25,—,"⭐ Extraordinary engagement + streams constantly. Global, chaotic, young"
2,Jesser (Jesse Riedel),Hoops creator,7.68,16,4.37,7.5,6.82,9,10,9,1.2,—,2HYPE. Daily basketball content; already on Fried's call list
3,Cam Wilder,Hoops creator,7.68,4,2.48,8.5,7.73,9,10,10,0.34,—,Hoop Diaries — literally makes real-time team-season content. Tightest format fit on the list
4,Brandon Walker,Sports media,7.65,1,1.07,8.5,7.73,10,10,10,0.09,—,"⭐ Runs Barstool college basketball; publicly obsessed with small-school hoops. Perfect fit, tiny cost"
5,Kai Cenat,Mega creator,7.57,40,5.73,10.0,9.09,10,6,5,4.0,—,Twitch record-holder; AMP; unmatched live audience
6,Druski,Mega creator,7.53,16,4.37,9.5,8.64,9,7,8,1.52,—,"⭐ Coulda Been Records; culturally central, does sports content, young audience"
7,Snoop Dogg,Celebrity,7.52,90,6.96,6.5,5.91,9,8,8,5.85,Long Beach State,⭐ Youth football league founder; genuinely shows up; daily poster
8,Shaquille O'Neal,Athlete,7.36,45,5.91,6.5,5.91,8,10,8,2.92,LSU,⭐ Famously says yes; DJ/appearance culture = on-the-ground willing
9,Angel Reese,Athlete,7.36,10,3.7,8.0,7.27,9,10,7,0.8,LSU,"Young, daily, hoops-native, culturally hot"
10,Dave Portnoy,Sports media,7.35,5,2.77,9.0,8.18,10,7,8,0.45,—,⭐ Barstool's entire model IS adopting an underdog in real time. Highest thesis fit of any non-hoops name
11,Duke Dennis,Hoops creator,7.33,9,3.55,8.0,7.27,9,9,8,0.72,—,"AMP. NBA2K/hoops roots, enormous Gen-Z pull"
12,FlightReacts,Hoops creator,7.26,8,3.39,8.5,7.73,9,9,7,0.68,—,"Chaotic, extremely high engagement, pure hoops"
13,Adin Ross,Mega creator,7.2,15,4.28,9.0,8.18,10,6,6,1.35,—,"Live-native, sports/betting adjacent"
14,Jake Paul,Mega creator,7.12,65,6.47,6.5,5.91,9,6,8,4.22,—,⭐ Already on Fried's call list. Has actually BUILT a sports business (MVP). Understands the model
15,Tristan Jass,Hoops creator,7.11,13,4.07,7.0,6.36,8,10,8,0.91,—,"Trick-shot/hoops native, global reach, young audience"
16,Pat Beverley,Athlete media,7.08,3,2.14,7.5,6.82,9,10,8,0.23,Arkansas,"Pat Bev Pod; loud, daily, hoops-deep"
17,Filayyyy,Hoops creator,6.97,6,3.0,8.0,7.27,8,9,8,0.48,—,Hoops content native
18,Cash Nasty (CashNasty),Hoops creator,6.93,7,3.21,7.0,6.36,8,10,8,0.49,—,Basketball daily; 2HYPE orbit
19,Pat McAfee,Sports media,6.92,4,2.48,8.0,7.27,10,8,6,0.32,—,"ESPN daily show; authentic, huge, but heavily committed"
20,Sketch,Mega creator,6.92,8,3.39,9.0,8.18,9,6,7,0.72,—,"Viral, sports-adjacent, extremely high engagement"
21,Stephen Curry,Athlete,6.81,90,6.96,6.0,5.45,6,10,7,5.4,Davidson,⚠️ ALREADY ATTACHED (verbal). Listed for comparison only
22,Kevin Hart,Celebrity,6.81,185,8.07,5.5,5.0,8,7,6,10.18,St. Joseph's (regional),⭐ Vault target; posts constantly; Philly
23,Marcelas Howard,Hoops creator,6.78,2,1.7,7.0,6.36,8,10,9,0.14,—,"Basketball media creator, credible with players"
24,Livvy Dunne,Athlete-creator,6.76,15,4.28,7.5,6.82,9,6,7,1.12,—,⭐ NIL's defining face. Thematically perfect — college athlete commercial value personified
25,Logan Paul,Mega creator,6.75,75,6.68,6.0,5.45,9,5,7,4.5,—,⭐ On Fried's list. WWE + Prime; proven brand builder
26,Theo Von,Comedian,6.66,12,3.96,8.0,7.27,9,4,8,0.96,—,"⭐ Daily-ish, relatable, Southern; strong grassroots energy"
27,Shannon Sharpe,Sports media,6.55,4,2.48,7.5,6.82,9,8,6,0.3,—,"Nightcap — daily, culturally central"
28,Caitlin Clark,Athlete,6.53,6,3.0,8.5,7.73,7,10,5,0.51,Iowa,Enormous cultural moment; availability low
29,Jelly Roll,Musician,6.52,12,3.96,8.5,7.73,8,4,8,1.02,Belmont (target),⚠️ Belmont deck sent Sep 18. Underdog-story authenticity is exceptional
30,Draymond Green,Athlete media,6.48,7,3.21,7.0,6.36,8,10,5,0.49,—,"Daily podcast, active player"
31,Mikey Williams,Player-creator,6.46,6,3.0,7.5,6.82,7,10,6,0.45,—,Player with creator-scale following
32,Paul George,Athlete,6.44,8,3.39,6.0,5.45,8,10,6,0.48,Fresno State,Podcast — daily voice
33,Trill Withers (Tyler),Sports media,6.42,1,1.07,7.5,6.82,9,7,8,0.07,—,Barstool college sports
34,Jack Harlow,Musician,6.42,20,4.7,6.5,5.91,7,9,6,1.3,Louisville,Genuine hoops obsessive
35,Big Cat (Dan Katz),Sports media,6.39,2,1.7,7.5,6.82,9,7,7,0.15,—,Pardon My Take — enormous daily sports audience
36,Josh Hart,Athlete,6.37,2,1.7,6.5,5.91,8,10,7,0.13,Villanova,Roommates Show; Philly tie
37,Quavo,Musician,6.37,25,5.03,6.0,5.45,7,8,7,1.5,—,Celebrity-game regular
38,Master P,Musician,6.37,5,2.77,6.0,5.45,7,9,9,0.3,—,⭐ Has actually run programs and NIL ventures; would absolutely engage
39,Lil Yachty,Musician,6.37,20,4.7,6.5,5.91,8,6,7,1.3,—,Very online
40,Stephen A. Smith,Sports media,6.32,7,3.21,6.5,5.91,9,8,5,0.46,St. Joseph's,Already a vault target; ESPN conflict analysis logged
41,KSI,Mega creator,6.31,45,5.91,6.5,5.91,8,5,6,2.92,—,"Prime co-founder, Sidemen"
42,Jordan Lawley,Hoops creator,6.3,2,1.7,6.0,5.45,7,10,9,0.12,—,Trainer; deep player relationships
43,MrBeast (Jimmy Donaldson),Mega creator,6.26,650,10.0,6.0,5.45,8,4,2,39.0,—,"Maximum reach, minimum availability. Would need to be his own idea"
44,Jalen Rose,Athlete media,6.25,2,1.7,6.0,5.45,8,10,7,0.12,Michigan,Media-native
45,The Professor (Grayson Boucher),Hoops creator,6.24,8,3.39,6.0,5.45,6,10,8,0.48,—,Streetball legend; authenticity very high
46,Kris London,Hoops creator,6.22,5,2.77,6.0,5.45,7,9,8,0.3,—,2HYPE
47,Dwayne Johnson,Celebrity,6.22,420,9.33,5.5,5.0,7,5,4,23.1,Miami,Owns UFL — understands league-building. Availability low
48,2 Chainz,Musician,6.22,15,4.28,6.0,5.45,7,8,7,0.9,Alabama State,Played college basketball
49,Jiedel,Hoops creator,6.21,3,2.14,6.5,5.91,7,9,8,0.2,—,2HYPE
50,Mopi,Hoops creator,6.21,3,2.14,6.5,5.91,7,9,8,0.2,—,2HYPE
51,Jomboy (Jimmy O'Brien),Sports media,6.21,2,1.7,8.0,7.27,9,5,7,0.16,—,Model for creator-built sports media; baseball-centric
52,Jack Mac,Sports media,6.15,1,1.07,7.0,6.36,9,6,8,0.07,—,Barstool
53,Dude Perfect,Mega creator,6.15,75,6.68,6.0,5.45,6,7,6,4.5,—,Family-brand sports stunts; org-scale
54,Nick Briz,Hoops creator,6.12,2,1.7,6.5,5.91,7,9,8,0.13,—,Hoops creator / Overtime orbit
55,Shane Gillis,Comedian,6.12,6,3.0,8.0,7.27,7,6,7,0.48,Elon (weak tie),Culturally hot; Philly-area roots
56,ZackTTG,Hoops creator,6.09,3,2.14,6.0,5.45,7,9,8,0.18,—,2HYPE
57,LeBron James,Athlete,6.09,210,8.26,5.0,4.55,6,10,2,10.5,—,"Reach ceiling, availability floor"
58,Alix Earle,Lifestyle,6.08,10,3.7,7.0,6.36,9,4,6,0.7,—,Netflix series; young female audience; Miami
59,FaZe Rug,Mega creator,6.07,30,5.3,6.0,5.45,8,5,6,1.8,—,FaZe orbit
60,Bert Kreischer,Comedian,6.07,8,3.39,7.0,6.36,8,4,8,0.56,Florida State,"Tour-native, very available"
61,Sabrina Ionescu,Athlete,6.06,3,2.14,6.5,5.91,7,10,6,0.2,Oregon,Vault 'Smoller lane'
62,Nadeshot (Matt Haag),Org builder,6.02,5,2.77,6.0,5.45,8,5,9,0.3,—,⭐ Built 100 Thieves from a following. Best living proof of the model
63,PFT Commenter,Sports media,6.0,1,1.07,7.0,6.36,9,6,7,0.07,—,PMT
64,xQc,Mega creator,6.0,15,4.28,7.0,6.36,10,3,4,1.05,—,"Live volume enormous, hoops fit weak"
65,Ludacris,Celebrity,5.96,25,5.03,5.5,5.0,7,6,7,1.38,Georgia State,Vault pairing
66,Drake,Celebrity,5.95,150,7.74,5.5,5.0,6,8,3,8.25,—,Raptors ambassador; availability very low
67,Marshawn Lynch,Athlete,5.89,6,3.0,7.0,6.36,7,5,8,0.42,Cal,"Beloved, authentic, very available"
68,Machine Gun Kelly,Musician,5.82,30,5.3,6.0,5.45,7,5,6,1.8,Cleveland State,Underdog-city energy
69,Kai Trump,Creator,5.81,6,3.0,7.5,6.82,8,4,6,0.45,Miami,Golf/NIL adjacent; young audience
70,Michael Rubin,Owner-operator,5.8,2,1.7,6.0,5.45,8,7,7,0.12,—,Fanatics; convenes everyone; not a reach play
71,Bryce Hall,Lifestyle,5.79,25,5.03,5.0,4.55,8,4,7,1.25,—,Has done combat sports crossover
72,Travis Scott,Celebrity,5.76,90,6.96,6.0,5.45,6,6,4,5.4,Texas Southern,Vault pairing; availability low
73,Jamie Foxx,Celebrity,5.74,25,5.03,5.0,4.55,6,7,7,1.25,North Texas (regional),⚠️ LIVE — Marcus King positive Sep 25
74,Sidemen (collective),Mega creator,5.72,40,5.73,6.5,5.91,7,4,5,2.6,—,Collective; proven at building ventures
75,Nelly,Musician,5.59,10,3.7,5.5,5.0,6,7,7,0.55,—,Owns stakes; available
76,Post Malone,Musician,5.58,50,6.07,6.0,5.45,6,5,5,3.0,North Texas,Vault pairing
77,Mark Wahlberg,Celebrity,5.54,25,5.03,5.0,4.55,7,5,6,1.25,Northeastern (regional),⚠️ Vault: Levinson previously killed it; CURRENT.md lists engaged
78,Bill Simmons,Sports media,5.53,1,1.07,6.0,5.45,8,8,5,0.06,Holy Cross,Vault pairing already
79,Charli D'Amelio,Lifestyle,5.28,180,8.02,4.5,4.09,7,2,4,8.1,—,Massive but weak sports tie
80,Josh Richards,Lifestyle,5.27,40,5.73,4.5,4.09,7,3,6,1.8,—,Investor-operator angle
81,Luke Combs,Musician,5.27,12,3.96,6.5,5.91,6,4,6,0.78,Appalachian St.,Vault pairing
82,Khaby Lame,Mega creator,5.26,190,8.11,5.0,4.55,7,2,3,9.5,—,"Global, no US sports tie"
83,Serena Williams,Athlete,5.04,20,4.7,5.5,5.0,6,4,5,1.1,—,Vault 'Smoller lane'; investor profile
84,Adam Sandler,Celebrity,4.94,15,4.28,5.0,4.55,4,8,5,0.75,New Hampshire,⚠️ Engaged per CURRENT.md; low social cadence
85,Addison Rae,Lifestyle,4.58,100,7.12,4.0,3.64,6,2,3,4.0,—,Weak fit
86,Will Ferrell,Celebrity,4.53,15,4.28,4.5,4.09,4,6,5,0.68,USC / UC Irvine,Low cadence
87,Brad Paisley,Musician,4.44,5,2.77,5.0,4.55,5,3,7,0.25,Belmont (target),⚠️ Belmont deck sent Sep 18
88,Bill Murray,Celebrity,4.19,3,2.14,4.0,3.64,3,9,5,0.12,Charleston / BC,Son Luke coaches BC; no social presence
89,Eric Church,Musician,3.98,4,2.48,5.0,4.55,4,4,5,0.2,Appalachian St.,Vault pairing
