Rank,Name,Category,SHARE_1_10,Cadence_1_10,SHARE_VELOCITY,Reach_M,Connect_1_10,Avail_1_10,School_Tie
1,IShowSpeed,Mega creator,10,10,100,75,8,5,—
2,Druski,Mega creator,10,9,90,16,9,8,—
3,Sketch,Mega creator,10,9,90,8,6,7,—
4,Kai Cenat,Mega creator,9,10,90,40,9,5,—
5,Dave Portnoy,Sports media,9,10,90,5,8,8,—
6,Pat McAfee,Sports media,9,10,90,4,8,6,—
7,Brandon Walker,Sports media,9,10,90,1,7,10,—
8,Theo Von,Comedian,9,9,81,12,7,8,—
9,Deestroying (Donald De La Haye),Sports creator,9,9,81,12,6,8,UCF
10,Angel Reese,Athlete,9,9,81,10,7,7,LSU
11,Stephen A. Smith,Sports media,9,9,81,7,7,5,St. Joseph's
12,Cam Wilder,Hoops creator,9,9,81,4,7,10,—
13,Shannon Sharpe,Sports media,9,9,81,4,7,6,—
14,Elon Musk,Other,8,10,80,230,5,2,—
15,Adin Ross,Mega creator,8,10,80,15,7,6,—
16,Jynxzi,Creator,8,10,80,15,6,8,—
17,Plaqueboymax,Creator,8,10,80,6,7,8,—
18,Logan Paul,Mega creator,8,9,72,75,8,7,—
19,Jake Paul,Mega creator,8,9,72,65,9,8,—
20,Jesser (Jesse Riedel),Hoops creator,8,9,72,16,7,9,—
21,Livvy Dunne,Athlete-creator,8,9,72,15,7,7,—
22,Duke Dennis,Hoops creator,8,9,72,9,8,8,—
23,FlightReacts,Hoops creator,8,9,72,8,5,7,—
24,Chad Johnson,Sports media,8,9,72,8,6,8,Oregon State
25,Flau'jae Johnson,Female athlete,8,9,72,5,7,7,LSU
26,Skip Bayless,Sports media,8,9,72,4,4,7,—
27,Pat Beverley,Athlete media,8,9,72,3,6,8,Arkansas
28,Big Cat (Dan Katz),Sports media,8,9,72,2,7,7,—
29,PFT Commenter,Sports media,8,9,72,1,7,7,—
30,Tyler1,Creator,7,10,70,8,5,6,—
31,HasanAbi,Creator,7,10,70,5,6,6,—
32,YourRAGE,Creator,7,10,70,5,6,7,—
33,Kevin Hart,Celebrity,8,8,64,185,9,6,St. Joseph's (regional)
34,Matt Rife,Comedian,8,8,64,25,5,6,—
35,Tristan Jass,Hoops creator,8,8,64,13,6,8,—
36,Jelly Roll,Musician,8,8,64,12,7,8,Belmont (target)
37,Andrew Schulz,Comedian,8,8,64,10,6,6,—
38,Bert Kreischer,Comedian,8,8,64,8,7,8,Florida State
39,Cash Nasty (CashNasty),Hoops creator,8,8,64,7,7,8,—
40,Draymond Green,Athlete media,8,8,64,7,7,5,—
41,Filayyyy,Hoops creator,8,8,64,6,5,8,—
42,Caleb Pressley,Sports creator,8,8,64,5,7,8,North Carolina
43,Marcelas Howard,Hoops creator,8,8,64,2,6,9,—
44,Jalen Rose,Athlete media,8,8,64,2,7,7,Michigan
45,Caitlin Clark,Athlete,9,7,63,6,6,5,Iowa
46,Snoop Dogg,Celebrity,7,9,63,90,9,8,Long Beach State
47,Alix Earle,Lifestyle,7,9,63,10,6,6,—
48,Sexyy Red,Musician,7,9,63,10,5,6,—
49,Agent00,Creator,7,9,63,6,7,8,—
50,Fanum,Creator,7,9,63,6,7,8,—
51,Jomboy (Jimmy O'Brien),Sports media,7,9,63,2,7,7,—
52,Colin Cowherd,Sports media,7,9,63,2,7,6,—
53,Trill Withers (Tyler),Sports media,7,9,63,1,7,8,—
54,Jack Mac,Sports media,7,9,63,1,7,8,—
55,Gary Vaynerchuk,Owner-operator,6,10,60,35,8,7,—
56,xQc,Mega creator,6,10,60,15,6,4,—
57,Joe Rogan,Comedian,8,7,56,30,8,4,UMass Boston (vault D3)
58,Tom Segura,Comedian,8,7,56,8,6,6,—
59,Shane Gillis,Comedian,8,7,56,6,6,7,Elon (weak tie)
60,Nicki Minaj,Musician,7,8,56,250,6,3,—
61,Cardi B,Musician,7,8,56,180,6,4,—
62,Shaquille O'Neal,Athlete,7,8,56,45,8,8,LSU
63,Bryce Hall,Lifestyle,7,8,56,25,5,7,—
64,Magic Johnson,NBA retired,7,8,56,20,8,6,Michigan State
65,Ice Spice,Musician,7,8,56,15,5,5,—
66,GloRilla,Musician,7,8,56,10,5,5,—
67,Ludwig,Creator,7,8,56,10,8,7,—
68,Kai Trump,Creator,7,8,56,6,6,6,Miami
69,Alex Cooper,Sports media,7,8,56,6,8,5,Boston University
70,ImDavisss,Creator,7,8,56,4,6,8,—
71,Tyrese Haliburton,NBA active,7,8,56,3,6,5,Iowa State
72,Cameron Brink,Female athlete,7,8,56,3,6,6,Stanford
73,Hailey Van Lith,Female athlete,7,8,56,2,5,6,—
74,Will Compton,Sports creator,7,8,56,2,7,8,Nebraska
75,Taylor Lewan,Sports creator,7,8,56,2,7,8,Michigan
76,Bill Simmons,Sports media,7,8,56,1,8,5,Holy Cross
77,Kevin Durant,NBA active,6,9,54,40,8,4,Texas
78,DJ Khaled,Musician,6,9,54,40,9,6,—
79,Rick Ross,Musician,6,9,54,20,7,6,—
80,Steve Aoki,Musician,6,9,54,20,7,7,—
81,Mark Cuban,Owner-operator,6,9,54,10,9,6,Indiana
82,Kyrie Irving,NBA active,7,7,49,25,5,4,Duke
83,Russell Westbrook,NBA active,7,7,49,25,6,5,UCLA
84,Ryan Trahan,Creator,7,7,49,25,6,7,—
85,Ja Morant,NBA active,7,7,49,15,5,4,Murray State
86,Trae Young,NBA active,7,7,49,10,6,4,Oklahoma
87,Mikey Williams,Player-creator,7,7,49,6,5,6,—
88,Marshawn Lynch,Athlete,7,7,49,6,6,8,Cal
89,Master P,Musician,7,7,49,5,8,9,—
90,Kris London,Hoops creator,7,7,49,5,7,8,—
91,Bobby Lee,Comedian,7,7,49,4,6,6,—
92,Jiedel,Hoops creator,7,7,49,3,7,8,—
93,Mopi,Hoops creator,7,7,49,3,7,8,—
94,ZackTTG,Hoops creator,7,7,49,3,7,8,—
95,Paige Bueckers,Female athlete,7,7,49,3,7,5,UConn
96,LSK (2HYPE),Hoops creator,7,7,49,3,7,8,—
97,Jordan Lawley,Hoops creator,7,7,49,2,7,9,—
98,Nick Briz,Hoops creator,7,7,49,2,7,8,—
99,The Professor (Grayson Boucher),Hoops creator,8,6,48,8,6,8,—
100,MrBeast (Jimmy Donaldson),Mega creator,6,8,48,650,8,2,—
101,Neymar,Global athlete,6,8,48,300,6,2,—
102,Ninja,Creator,6,8,48,60,6,6,—
103,KSI,Mega creator,6,8,48,45,8,6,—
104,Megan Thee Stallion,Musician,6,8,48,40,6,4,—
105,FaZe Rug,Mega creator,6,8,48,30,7,6,—
106,Lil Baby,Musician,6,8,48,30,6,5,—
107,Dwyane Wade,NBA retired,6,8,48,25,8,6,Marquette
108,Carmelo Anthony,NBA retired,6,8,48,25,8,7,Syracuse / Baltimore (vault D3)
109,Offset,Musician,6,8,48,25,6,5,—
110,Lil Yachty,Musician,6,8,48,20,7,7,—
111,Pokimane,Creator,6,8,48,20,6,6,—
112,Latto,Musician,6,8,48,12,5,5,—
113,Diplo,Musician,6,8,48,12,7,6,—
114,Metro Boomin,Musician,6,8,48,10,7,5,—
115,Paul George,Athlete,6,8,48,8,6,6,Fresno State
116,Valkyrae,Creator,6,8,48,8,7,6,—
117,Nadeshot (Matt Haag),Org builder,6,8,48,5,7,9,—
118,Sean O'Malley,Combat,6,8,48,5,5,6,—
119,Josh Hart,Athlete,6,8,48,2,7,7,Villanova
120,Michael Rubin,Owner-operator,6,8,48,2,10,7,—
121,Dude Perfect,Mega creator,7,6,42,75,6,6,—
122,Victor Wembanyama,NBA active,7,6,42,12,5,3,—
123,Anthony Edwards,NBA active,7,6,42,8,6,4,Georgia
124,Jack Whitehall,Comedian,7,6,42,8,5,5,—
125,JuJu Watkins,Female athlete,7,6,42,2,6,4,USC (vault)
126,Cristiano Ronaldo,Global athlete,6,7,42,1000,6,1,—
127,Dwayne Johnson,Celebrity,6,7,42,420,7,4,Miami
128,Khaby Lame,Mega creator,6,7,42,190,4,3,—
129,Charli D'Amelio,Lifestyle,6,7,42,180,6,4,—
130,Kylian Mbappe,Global athlete,6,7,42,150,5,2,—
131,Zach King,Creator,6,7,42,130,4,5,—
132,Will Smith,Global celebrity,6,7,42,130,7,4,"St. Joseph's (vault, Philly)"
133,Ryan Reynolds,Owner-operator,6,7,42,70,10,5,—
134,Conor McGregor,Combat,6,7,42,60,5,3,—
135,Doja Cat,Musician,6,7,42,50,5,3,—
136,Sidemen (collective),Mega creator,6,7,42,40,8,5,—
137,Josh Richards,Lifestyle,6,7,42,40,7,6,—
138,Steve Harvey,Comedian,6,7,42,40,6,5,Kent State (vault)
139,Machine Gun Kelly,Musician,6,7,42,30,5,6,Cleveland State
140,James Harden,NBA active,6,7,42,30,6,5,Arizona State
141,Quavo,Musician,6,7,42,25,6,7,—
142,Ludacris,Celebrity,6,7,42,25,6,7,Georgia State
143,Mark Wahlberg,Celebrity,6,7,42,25,6,6,Northeastern (regional)
144,Future,Musician,6,7,42,25,6,3,—
145,Jack Harlow,Musician,6,7,42,20,6,6,Louisville
146,2 Chainz,Musician,6,7,42,15,7,7,Alabama State
147,Jayson Tatum,NBA active,6,7,42,15,6,4,Duke / Saint Louis (vault)
148,Jimmy Butler,NBA active,6,7,42,15,6,5,Marquette / Tyler JC
149,Gunna,Musician,6,7,42,15,5,5,—
150,Central Cee,Musician,6,7,42,15,5,4,—
151,Simone Biles,Female athlete,6,7,42,15,5,4,—
152,Israel Adesanya,Combat,6,7,42,10,5,5,—
153,Triple H,Wrestling,6,7,42,10,8,5,New Hampshire (vault)
154,Rhea Ripley,Wrestling,6,7,42,8,5,5,—
155,Bailey Zimmerman,Musician,6,7,42,8,5,6,—
156,Cody Rhodes,Wrestling,6,7,42,6,6,5,—
157,Sabrina Ionescu,Athlete,6,7,42,3,6,6,Oregon
158,Jalen Brunson,NBA active,6,7,42,3,7,5,Villanova
159,Suni Lee,Female athlete,6,7,42,3,4,5,Auburn
160,Bianca Belair,Wrestling,6,7,42,3,5,5,—
161,Jey Uso,Wrestling,6,7,42,3,5,5,—
162,Rob McElhenney,Owner-operator,6,7,42,3,8,6,—
163,A'ja Wilson,Female athlete,6,7,42,2,6,6,South Carolina (vault)
164,Baron Davis,NBA retired,6,7,42,2,7,8,UCLA
165,Justin Bieber,Global celebrity,6,6,36,380,6,3,—
166,Virat Kohli,Global athlete,6,6,36,280,5,1,—
167,LeBron James,Athlete,6,6,36,210,9,2,—
168,Drake,Celebrity,6,6,36,150,7,3,—
169,Addison Rae,Lifestyle,6,6,36,100,5,3,—
170,Bad Bunny,Musician,6,6,36,100,6,3,—
171,Bella Poarch,Creator,6,6,36,100,5,5,—
172,Stephen Curry,Athlete,6,6,36,90,8,7,Davidson
173,Travis Scott,Celebrity,6,6,36,90,6,4,Texas Southern
174,David Beckham,Global athlete,6,6,36,90,8,3,—
175,Marshmello,Musician,6,6,36,60,7,5,—
176,John Cena,Wrestling,6,6,36,60,6,5,UMass (vault)
177,Post Malone,Musician,6,6,36,50,7,5,North Texas
178,Markiplier,Creator,6,6,36,45,5,4,—
179,Giannis Antetokounmpo,NBA active,6,6,36,40,5,4,—
180,Jamie Foxx,Celebrity,6,6,36,25,7,7,North Texas (regional)
181,Luka Doncic,NBA active,6,6,36,25,5,3,—
182,21 Savage,Musician,6,6,36,25,5,4,—
183,Serena Williams,Athlete,6,6,36,20,7,5,—
184,Devin Booker,NBA active,6,6,36,15,6,4,Kentucky
185,Roman Reigns,Wrestling,6,6,36,15,5,4,—
186,Morgan Wallen,Musician,6,6,36,15,6,4,—
187,Luke Combs,Musician,6,6,36,12,6,6,Appalachian St.
188,Nelly,Musician,6,6,36,10,6,7,—
189,Scottie Pippen,NBA retired,6,6,36,8,5,8,Central Arkansas (vault)
190,Naomi Osaka,Female athlete,6,6,36,6,6,4,—
191,Jon Jones,Combat,6,6,36,6,4,4,—
192,Vince Carter,NBA retired,6,6,36,5,6,7,North Carolina
193,Shaboozey,Musician,6,6,36,3,5,6,—
194,Sydney McLaughlin,Female athlete,6,6,36,2,4,5,—
195,Zion Williamson,NBA active,7,5,35,10,4,3,Duke
196,Kylie Jenner,Global celebrity,5,7,35,450,6,2,—
197,Kim Kardashian,Global celebrity,5,7,35,420,8,2,—
198,Khloe Kardashian,Global celebrity,5,7,35,300,5,3,—
199,Lionel Messi,Global athlete,6,5,30,700,5,1,—
200,PewDiePie,Creator,6,5,30,120,4,3,—
201,"Tyler, the Creator",Musician,6,5,30,25,7,3,—
202,SZA,Musician,6,5,30,20,5,3,—
203,Playboi Carti,Musician,6,5,30,15,5,3,—
204,Zach Bryan,Musician,6,5,30,8,5,4,—
205,Brad Paisley,Musician,6,5,30,5,6,7,Belmont (target)
206,Shai Gilgeous-Alexander,NBA active,6,5,30,5,5,3,Kentucky
207,Tracy McGrady,NBA retired,6,5,30,5,6,7,—
208,Kamilla Cardoso,Female athlete,6,5,30,1,4,6,South Carolina
209,Selena Gomez,Global celebrity,5,6,30,500,5,2,—
210,Kendall Jenner,Global celebrity,5,6,30,290,6,2,—
211,Jennifer Lopez,Global celebrity,5,6,30,280,6,2,—
212,Mark Rober,Creator,7,4,28,70,6,6,—
213,Allen Iverson,NBA retired,7,4,28,20,6,6,Georgetown / Philly
214,Charles Barkley,NBA retired,9,3,27,2,7,6,"St. Joseph's (vault, Philly)"
215,Ariana Grande,Global celebrity,5,5,25,450,5,2,—
216,Miley Cyrus,Global celebrity,5,5,25,250,5,2,—
217,Katy Perry,Global celebrity,5,5,25,210,5,3,—
218,Billie Eilish,Musician,5,5,25,130,5,2,—
219,Shakira,Global celebrity,5,5,25,130,5,2,—
220,Vin Diesel,Global celebrity,5,5,25,110,5,3,—
221,Taylor Swift,Global celebrity,6,4,24,400,6,1,—
222,Rihanna,Global celebrity,6,4,24,200,6,2,—
223,Barack Obama,Other,6,4,24,200,8,2,UIC / DePaul (vault)
224,The Weeknd,Musician,6,4,24,80,6,2,—
225,Adam Sandler,Celebrity,6,4,24,15,6,5,New Hampshire
226,Will Ferrell,Celebrity,6,4,24,15,6,5,USC / UC Irvine
227,Eric Church,Musician,6,4,24,4,5,5,Appalachian St.
228,Zendaya,Global celebrity,5,4,20,190,5,2,—
229,Beyonce,Global celebrity,6,3,18,350,6,1,LIU (vault)
230,Michelle Obama,Other,6,3,18,90,6,2,DePaul (vault)
231,Kendrick Lamar,Musician,6,3,18,30,5,2,—
232,Dr. Dre,Musician,6,3,18,10,6,2,—
233,Bill Murray,Celebrity,6,3,18,3,5,5,Charleston / BC
234,Jay-Z,Musician,6,2,12,10,9,2,LIU (vault)
235,Michael Keaton,Celebrity,4,3,12,2,3,4,Kent State (vault)
236,Michael Jordan,NBA retired,4,2,8,30,3,1,North Carolina
237,Larry Bird,NBA retired,4,1,4,1,2,3,Indiana State (vault)
